{"flutter":{"platforms":{"android":{"default":{"projectId":"unchi-cricket","appId":"1:916756813662:android:7dfb40099b0dc7bb7261cf","fileOutput":"android/app/google-services.json"}},"dart":{"lib/firebase_options.dart":{"projectId":"unchi-cricket","configurations":{"android":"1:916756813662:android:7dfb40099b0dc7bb7261cf","ios":"1:916756813662:ios:344b1db2dacc74d67261cf","macos":"1:916756813662:ios:344b1db2dacc74d67261cf","web":"1:916756813662:web:4196cb04d11e45077261cf","windows":"1:916756813662:web:725168f1a0ce435c7261cf"}}}}}}